
insert into phonemes(id, symbol) values(53,'OO');
insert into phonemes(id, symbol) values(54,'PH');
insert into phonemes(id, symbol) values(55,'AW');

insert into grid(id, css_id) values(0, 'r1s4');
insert into grid(id, css_id) values(1, 'r1s12');
insert into grid(id, css_id) values(2, 'r2s4');
insert into grid(id, css_id) values(3, 'r2s5');
insert into grid(id, css_id) values(4, 'r2s11');
insert into grid(id, css_id) values(5, 'r2s12');
insert into grid(id, css_id) values(6, 'r3s4');
insert into grid(id, css_id) values(7, 'r3s5');
insert into grid(id, css_id) values(8, 'r3s10');
insert into grid(id, css_id) values(9, 'r3s11');
insert into grid(id, css_id) values(10,'r3s12');
insert into grid(id, css_id) values(11, 'r4s4');
insert into grid(id, css_id) values(12, 'r4s5');
insert into grid(id, css_id) values(13, 'r4s6');
insert into grid(id, css_id) values(14, 'r4s10');
insert into grid(id, css_id) values(15, 'r4s11');
insert into grid(id, css_id) values(16, 'r4s12');
insert into grid(id, css_id) values(17, 'r5s4');
insert into grid(id, css_id) values(18, 'r5s5');
insert into grid(id, css_id) values(19, 'r5s6');
insert into grid(id, css_id) values(20, 'r5s10');
insert into grid(id, css_id) values(21, 'r5s11');
insert into grid(id, css_id) values(22, 'r5s12');
insert into grid(id, css_id) values(23, 'r6s4');
insert into grid(id, css_id) values(24, 'r6s5');
insert into grid(id, css_id) values(25, 'r6s6');
insert into grid(id, css_id) values(26, 'r6s7');
insert into grid(id, css_id) values(27, 'r6s9');
insert into grid(id, css_id) values(28, 'r6s10');
insert into grid(id, css_id) values(29, 'r6s11');
insert into grid(id, css_id) values(30, 'r6s12');
insert into grid(id, css_id) values(31, 'r7s4');
insert into grid(id, css_id) values(32, 'r7s5');
insert into grid(id, css_id) values(33, 'r7s6');
insert into grid(id, css_id) values(34, 'r7s7');
insert into grid(id, css_id) values(35, 'r7s8');
insert into grid(id, css_id) values(36, 'r7s9');
insert into grid(id, css_id) values(37, 'r7s10');
insert into grid(id, css_id) values(38, 'r7s11');
insert into grid(id, css_id) values(39, 'r7s12');
insert into grid(id, css_id) values(40, 'r8s6');
insert into grid(id, css_id) values(41, 'r8s7');
insert into grid(id, css_id) values(42, 'r8s8');
insert into grid(id, css_id) values(43, 'r8s9');
insert into grid(id, css_id) values(44, 'r8s10');


insert into phoneme_grid(phoneme_id, grid_id) values(38,0); 
insert into phoneme_grid(phoneme_id, grid_id) values(3,1);
insert into phoneme_grid(phoneme_id, grid_id) values(12,2);
insert into phoneme_grid(phoneme_id, grid_id) values(52,3);
insert into phoneme_grid(phoneme_id, grid_id) values(5,3);
insert into phoneme_grid(phoneme_id, grid_id) values(25,3);
insert into phoneme_grid(phoneme_id, grid_id) values(49,4);
insert into phoneme_grid(phoneme_id, grid_id) values(8,5);
insert into phoneme_grid(phoneme_id, grid_id) values(16,6);
insert into phoneme_grid(phoneme_id, grid_id) values(42,7);
insert into phoneme_grid(phoneme_id, grid_id) values(28,7);
insert into phoneme_grid(phoneme_id, grid_id) values(45,8);
insert into phoneme_grid(phoneme_id, grid_id) values(19,9);
insert into phoneme_grid(phoneme_id, grid_id) values(17,9);
insert into phoneme_grid(phoneme_id, grid_id) values(40,9);
insert into phoneme_grid(phoneme_id, grid_id) values(21,10);
insert into phoneme_grid(phoneme_id, grid_id) values(22,11);
insert into phoneme_grid(phoneme_id, grid_id) values(14,12);
insert into phoneme_grid(phoneme_id, grid_id) values(35,13);
insert into phoneme_grid(phoneme_id, grid_id) values(48,14);
insert into phoneme_grid(phoneme_id, grid_id) values(11,15);
insert into phoneme_grid(phoneme_id, grid_id) values(41,16);
insert into phoneme_grid(phoneme_id, grid_id) values(46,17);
insert into phoneme_grid(phoneme_id, grid_id) values(0,17);
insert into phoneme_grid(phoneme_id, grid_id) values(44,18);
insert into phoneme_grid(phoneme_id, grid_id) values(36,19);
insert into phoneme_grid(phoneme_id, grid_id) values(53,20);
insert into phoneme_grid(phoneme_id, grid_id) values(2,21);
insert into phoneme_grid(phoneme_id, grid_id) values(23,22);
insert into phoneme_grid(phoneme_id, grid_id) values(9,22);
insert into phoneme_grid(phoneme_id, grid_id) values(4,23);
insert into phoneme_grid(phoneme_id, grid_id) values(6,24);
insert into phoneme_grid(phoneme_id, grid_id) values(30,25);
insert into phoneme_grid(phoneme_id, grid_id) values(39,26);
insert into phoneme_grid(phoneme_id, grid_id) values(32,27);
insert into phoneme_grid(phoneme_id, grid_id) values(34,28);
insert into phoneme_grid(phoneme_id, grid_id) values(10,29);
insert into phoneme_grid(phoneme_id, grid_id) values(1,30);
insert into phoneme_grid(phoneme_id, grid_id) values(15,31);
insert into phoneme_grid(phoneme_id, grid_id) values(54,31);
insert into phoneme_grid(phoneme_id, grid_id) values(18,32);
insert into phoneme_grid(phoneme_id, grid_id) values(7,32);
insert into phoneme_grid(phoneme_id, grid_id) values(30,33);
insert into phoneme_grid(phoneme_id, grid_id) values(13,34);
insert into phoneme_grid(phoneme_id, grid_id) values(55,35);
insert into phoneme_grid(phoneme_id, grid_id) values(51,36);
insert into phoneme_grid(phoneme_id, grid_id) values(26,37);
insert into phoneme_grid(phoneme_id, grid_id) values(47,38);
insert into phoneme_grid(phoneme_id, grid_id) values(20,39);
insert into phoneme_grid(phoneme_id, grid_id) values(31,40);
insert into phoneme_grid(phoneme_id, grid_id) values(29,41);
insert into phoneme_grid(phoneme_id, grid_id) values(43,42);
insert into phoneme_grid(phoneme_id, grid_id) values(37,43);
insert into phoneme_grid(phoneme_id, grid_id) values(50,44);

